"","Camr_Nm","Lat","Long","HFI_Value","Elevation","Forest_Cover","Productivity","d.Road","d.River","EdgeDens","PatchDens","DisjCore"
"1","Copal EC13-14",9.7826,-83.7554,7,1148,90.9478764478765,103,0.031850353,0.018120254,23.62,1,2.01
"2","Copal EC301-302",9.7804,-83.7546,7,1213,95.7055984555985,103,0.031138802,0.017820689,4.42,1,1
"3","Marta LM1-2",9.7685,-83.6823,5,863,97.7940038684719,85,0.038141235,0.002027039,0,1,1
"4","Marta LM3",9.7651,-83.6791,5,983,97.5222007722008,85,0.042351739,0.002211209,0,1,1
"5","Marta LM4-5",9.7861,-83.6915,5,758,91.7775628626692,85,0.018976749,0.001916667,28.86,1,1
"6","Marta LM6-7",9.7679,-83.6834,5,836,97.8696911196911,85,0.038423912,0.000824958,0,1,1
"7","Savegre Valley 1",9.5516,-83.7976,6,2565,89.9893719806763,64,0.042667024,0.008663493,2.06,1,1
"8","Savegre Valley 10",9.5514,-83.7927,6,2603,89.7153920619555,64,0.039567599,0.013013348,12.08,1,2.01
"9","Savegre Valley 11",9.5453,-83.7956,6,2596,90.6110038610039,64,0.04568757,0.012626801,1.77,1,1
"10","Savegre Valley 16",9.5502,-83.791,6,2581,89.5522243713733,64,0.039016168,0.015073837,18.87,1,1
"11","Savegre Valley 18",9.5514,-83.7927,6,2603,89.7153920619555,64,0.039567599,0.013013348,12.08,1,2.01
"12","Savegre Valley 19",9.5413,-83.7977,6,2500,90.5058027079304,64,0.049864408,0.013670731,30.05,1,2.01
"13","Savegre Valley 2",9.5515,-83.7928,6,2603,89.7417794970986,64,0.039584453,0.012871955,11.5,1,1
"14","Savegre Valley 3",9.5486,-83.7915,6,2604,89.7495164410058,64,0.040425331,0.015155729,16.61,0.98,0.98
"15","Savegre Valley 4",9.5502,-83.791,6,2581,89.5522243713733,64,0.039016168,0.015073837,18.87,1,1
"16","Savegre Valley 5R",9.5516,-83.7976,6,2565,89.9893719806763,64,0.042667024,0.008663493,2.06,1,1
"17","Savegre Valley 6",9.5453,-83.7956,6,2596,90.6110038610039,64,0.04568757,0.012626801,1.77,1,1
"18","Savegre Valley 7",9.5412,-83.7977,6,2504,90.5154738878143,64,0.049929122,0.013741442,30.05,1,2.01
"19","Savegre Valley 8",9.5465,-83.8001,5,2381,90.300193050193,63,0.048185111,0.00830639,0,1,1
"20","Savegre Valley Camp2",9.5512,-83.791,6,2611,89.2514506769826,64,0.038375344,0.014414826,18.27,1,1
"21","Savegre Valley Camp3",9.5505,-83.7995,5,2490,90.1814671814672,64,0.044745736,0.006933213,2.36,1,1
"22","Savegre Valley Camp4",9.5675,-83.7942,5,2635,89.6402321083172,64,0.029443826,0.003511964,6.3,0.98,0.98
"23","Savegre Valley Catar15",9.539,-83.8181,6,2106,90.5685328185328,63,0.065994885,0.000872098,7.07,1,1
"24","Savegre Valley Catar32",9.5392,-83.8181,6,2113,90.277027027027,63,0.065858826,0.000730677,8.3,0.98,0.98
"25","Savegre Valley Chanchos28",9.6019,-83.8212,10,3038,89.8770571151985,93,0.014221032,0.033520226,4.42,1,1
"26","Savegre Valley Chanchos29",9.5904,-83.8171,6,3112,89.887922705314,63,0.025451287,0.028873527,2.87,0.98,0.98
"27","Savegre Valley Chanchos30",9.5781,-83.8145,5,3056,89.5116054158607,63,0.034669872,0.018337636,19.17,1,1
"28","Savegre Valley Chanchos31",9.5807,-83.817,5,3042,89.4651837524178,63,0.034504174,0.02194388,18.05,0.98,0.98
"29","Savegre Valley Chanchos33",9.5996,-83.8197,10,3074,89.9486931268151,63,0.016335091,0.033173366,4.58,0.98,0.98
"30","Savegre Valley Danta4",9.5538,-83.8075,5,2244,69.5280464216634,63,0.048288931,0.00125,61.69,5.03,3.02
"31","Savegre Valley Dantica14",9.5847,-83.8011,7,2530,85.2364864864865,63,0.021580032,0.014833146,31.23,1,1
"32","Savegre Valley Dantica15",9.5858,-83.7933,7,2633,88.8346228239845,64,0.017802295,0.015179555,31.25,1,2.01
"33","Savegre Valley Dantica28",9.5864,-83.8011,7,2578,85.3140096618358,63,0.02011044,0.016433469,40.06,0.98,0.98
"34","Savegre Valley Dantica29",9.5855,-83.802,7,2538,86.1949806949807,63,0.021349515,0.015910339,34.46,1,2.01
"35","Savegre Valley Finca17",9.5517,-83.8072,5,2200,68.7001934235977,63,0.049399584,0.000400694,67.53,2.01,4.02
"36","Savegre Valley Finca20",9.5517,-83.8072,5,2200,68.7001934235977,63,0.049399584,0.000400694,67.53,2.01,4.02
"37","Savegre Valley Finca22",9.5521,-83.8167,5,2399,70.729912875121,63,0.056708984,0.007401051,65.44,2.01,4.02
"38","Savegre Valley Finca3",9.5512,-83.8074,5,2193,67.6447876447876,63,0.04987812,0.000188562,70.19,4.02,3.01
"39","Savegre Valley Lagos23",9.5577,-83.7811,7,2952,89.5222007722008,64,0.026609879,0.019737162,16.99,1.03,1.03
"40","Savegre Valley Lagos24",9.5589,-83.7883,6,2763,89.4685382381413,64,0.031152735,0.013765012,10.6,1,1
"41","Savegre Valley Lagos25",9.5631,-83.7968,5,2560,88.4278799612778,64,0.034129209,0.004784756,25.36,2.01,1
"42","Savegre Valley Sarah",9.5391,-83.8184,6,2113,90.0927536231884,63,0.06614701,0.000589256,7.29,1.03,1.03
"43","Savegre Valley Torres21",9.5541,-83.7767,7,3056,89.6795740561471,64,0.025851019,0.025418279,11.79,1,1
"44","Savegre Valley Torres22",9.5534,-83.7788,6,3043,89.72894482091,64,0.027784154,0.024317632,8.59,0.98,0.98
"45","Savegre Valley Vueltas26",9.6145,-83.8564,7,3102,87.8542471042471,93,0.020098142,0.036879519,63.36,2.01,4.02
"46","Savegre Valley Vueltas27",9.6193,-83.8545,9,3161,86.2321083172147,93,0.015942509,0.040623573,81.37,2.01,6.03
"47","Savegre Valley West2",9.5537,-83.8083,5,2261,69.6895551257253,63,0.048978086,0.00205,67.9,2.93,4.88
"48","Savegre Valley West23",9.5536,-83.8085,5,2265,69.2369439071567,63,0.049197164,0.00225,69.05,2.93,4.88
"49","Savegre Valley West3",9.554,-83.8084,5,2274,70.757722007722,63,0.048872353,0.00215,66.06,4.02,4.02
"50","Savegre Valley West4",9.5536,-83.8085,5,2265,69.2369439071567,63,0.049197164,0.00225,69.05,2.93,4.88
"51","Tapanti T03-04",9.7175,-83.781,7,1573,91.3841698841699,103,0.05369035,0.00025,4.12,1,1
"52","Tapanti T07-08",9.6954,-83.7821,7,1656,90.5250965250965,87,0.073025878,0.005326871,30.36,1,1
"53","Tapanti T1-2",9.729,-83.7763,7,1553,91.5812379110251,103,0.046196533,0.00495,1.77,1.01,1.01
"54","Tapanti T105",9.681,-83.8011,8,2338,88.8310810810811,93,0.053715417,0.022157617,32.41,2.01,1
"55","Tapanti T106",9.6856,-83.795,8,1984,91.5406189555126,87,0.060990884,0.021378195,16.92,0.98,0.98
"56","Tapanti T107",9.6867,-83.7908,8,1846,91.912077294686,87,0.065313934,0.017630529,19.48,0.98,0.98
"57","Tapanti T13-14",9.7082,-83.7917,7,1626,93.2183574879227,103,0.057359097,0.002216667,3.72,0.98,0.98
"58","Tapanti T15-16",9.6872,-83.8686,9,2756,89.8281853281853,93,0.01705788,0.04195535,1.77,1,1
"59","Tapanti T17-18",9.6994,-83.8625,9,2641,89.5077369439072,93,0.027894969,0.03593801,15.33,1,1
"60","Tapanti T19-20",9.712,-83.8577,8,2320,89.7756286266925,101,0.040443755,0.02589291,7.07,1,1
"61","Tapanti T21-22",9.6958,-83.8583,9,2665,89.4328502415459,93,0.024237601,0.040971731,22.92,0.98,0.98
"62","Tapanti T23-24",9.6582,-83.8315,9,2598,89.9506769825919,93,0.019037502,0.042373305,4.72,1,1
"63","Tapanti T5-6",9.7068,-83.7793,7,1525,88.680193236715,103,0.064167871,0.00195,29.76,1,1
"64","Tapanti T7-8",9.6954,-83.7821,7,1656,90.5250965250965,87,0.073025878,0.005326871,30.36,1,1
"65","Tapanti T9-10",9.6963,-83.7714,7,1633,92.1138996138996,87,0.076961014,0.001616667,13.27,1,1
